[ 
    { 
        "model":"contenttypes.contenttype",
        "pk":1,
        "fields":{ 
            "app_label":"admin",
            "model":"logentry"
        }
    },
    { 
        "model":"contenttypes.contenttype",
        "pk":2,
        "fields":{ 
            "app_label":"auth",
            "model":"permission"
        }
    },
    { 
        "model":"contenttypes.contenttype",
        "pk":3,
        "fields":{ 
            "app_label":"auth",
            "model":"group"
        }
    },
    { 
        "model":"contenttypes.contenttype",
        "pk":4,
        "fields":{ 
            "app_label":"contenttypes",
            "model":"contenttype"
        }
    },
    { 
        "model":"contenttypes.contenttype",
        "pk":5,
        "fields":{ 
            "app_label":"sessions",
            "model":"session"
        }
    },
    { 
        "model":"contenttypes.contenttype",
        "pk":6,
        "fields":{ 
            "app_label":"analytics",
            "model":"usersession"
        }
    },
    { 
        "model":"contenttypes.contenttype",
        "pk":7,
        "fields":{ 
            "app_label":"analytics",
            "model":"objectviewed"
        }
    },
    { 
        "model":"contenttypes.contenttype",
        "pk":8,
        "fields":{ 
            "app_label":"accounts",
            "model":"user"
        }
    },
    { 
        "model":"contenttypes.contenttype",
        "pk":9,
        "fields":{ 
            "app_label":"accounts",
            "model":"guestemail"
        }
    },
    { 
        "model":"contenttypes.contenttype",
        "pk":10,
        "fields":{ 
            "app_label":"choices",
            "model":"author"
        }
    },
    { 
        "model":"contenttypes.contenttype",
        "pk":11,
        "fields":{ 
            "app_label":"choices",
            "model":"automobiletype"
        }
    },
    { 
        "model":"contenttypes.contenttype",
        "pk":12,
        "fields":{ 
            "app_label":"choices",
            "model":"bookgenere"
        }
    },
    { 
        "model":"contenttypes.contenttype",
        "pk":13,
        "fields":{ 
            "app_label":"choices",
            "model":"clothingcategory"
        }
    },
    { 
        "model":"contenttypes.contenttype",
        "pk":14,
        "fields":{ 
            "app_label":"choices",
            "model":"clothingoccasion"
        }
    },
    { 
        "model":"contenttypes.contenttype",
        "pk":15,
        "fields":{ 
            "app_label":"choices",
            "model":"clothingsize"
        }
    },
    { 
        "model":"contenttypes.contenttype",
        "pk":16,
        "fields":{ 
            "app_label":"choices",
            "model":"color"
        }
    },
    { 
        "model":"contenttypes.contenttype",
        "pk":17,
        "fields":{ 
            "app_label":"choices",
            "model":"footwarecategory"
        }
    },
    { 
        "model":"contenttypes.contenttype",
        "pk":18,
        "fields":{ 
            "app_label":"choices",
            "model":"language"
        }
    },
    { 
        "model":"contenttypes.contenttype",
        "pk":19,
        "fields":{ 
            "app_label":"choices",
            "model":"publisher"
        }
    },
    { 
        "model":"contenttypes.contenttype",
        "pk":20,
        "fields":{ 
            "app_label":"products",
            "model":"product"
        }
    },
    { 
        "model":"contenttypes.contenttype",
        "pk":21,
        "fields":{ 
            "app_label":"categories",
            "model":"electronic"
        }
    },
    { 
        "model":"contenttypes.contenttype",
        "pk":22,
        "fields":{ 
            "app_label":"categories",
            "model":"furniture"
        }
    },
    { 
        "model":"contenttypes.contenttype",
        "pk":23,
        "fields":{ 
            "app_label":"categories",
            "model":"sport"
        }
    },
    { 
        "model":"contenttypes.contenttype",
        "pk":24,
        "fields":{ 
            "app_label":"categories",
            "model":"footware"
        }
    },
    { 
        "model":"contenttypes.contenttype",
        "pk":25,
        "fields":{ 
            "app_label":"categories",
            "model":"clothing"
        }
    },
    { 
        "model":"contenttypes.contenttype",
        "pk":26,
        "fields":{ 
            "app_label":"categories",
            "model":"book"
        }
    },
    { 
        "model":"contenttypes.contenttype",
        "pk":27,
        "fields":{ 
            "app_label":"categories",
            "model":"automobile"
        }
    },
    { 
        "model":"contenttypes.contenttype",
        "pk":28,
        "fields":{ 
            "app_label":"carts",
            "model":"cart"
        }
    },
    { 
        "model":"contenttypes.contenttype",
        "pk":29,
        "fields":{ 
            "app_label":"orders",
            "model":"order"
        }
    },
    { 
        "model":"contenttypes.contenttype",
        "pk":30,
        "fields":{ 
            "app_label":"billing",
            "model":"billingprofile"
        }
    },
    { 
        "model":"contenttypes.contenttype",
        "pk":31,
        "fields":{ 
            "app_label":"addresses",
            "model":"address"
        }
    },
    { 
        "model":"contenttypes.contenttype",
        "pk":32,
        "fields":{ 
            "app_label":"tags",
            "model":"tag"
        }
    },
    { 
        "model":"contenttypes.contenttype",
        "pk":33,
        "fields":{ 
            "app_label":"choices",
            "model":"sport"
        }
    },
    { 
        "model":"contenttypes.contenttype",
        "pk":34,
        "fields":{ 
            "app_label":"categories",
            "model":"sportsequipment"
        }
    },
    { 
        "model":"contenttypes.contenttype",
        "pk":35,
        "fields":{ 
            "app_label":"choices",
            "model":"footwaresize"
        }
    },
    { 
        "model":"contenttypes.contenttype",
        "pk":36,
        "fields":{ 
            "app_label":"products",
            "model":"productincart"
        }
    },
    { 
        "model":"contenttypes.contenttype",
        "pk":37,
        "fields":{ 
            "app_label":"carts",
            "model":"footwareincart"
        }
    },
    { 
        "model":"contenttypes.contenttype",
        "pk":38,
        "fields":{ 
            "app_label":"carts",
            "model":"automobileincart"
        }
    },
    { 
        "model":"contenttypes.contenttype",
        "pk":39,
        "fields":{ 
            "app_label":"carts",
            "model":"clothingincart"
        }
    },
    { 
        "model":"contenttypes.contenttype",
        "pk":40,
        "fields":{ 
            "app_label":"carts",
            "model":"electronicincart"
        }
    },
    { 
        "model":"contenttypes.contenttype",
        "pk":41,
        "fields":{ 
            "app_label":"carts",
            "model":"sportsequipmentincart"
        }
    },
    { 
        "model":"contenttypes.contenttype",
        "pk":42,
        "fields":{ 
            "app_label":"carts",
            "model":"furnitureincart"
        }
    },
    { 
        "model":"contenttypes.contenttype",
        "pk":43,
        "fields":{ 
            "app_label":"carts",
            "model":"bookincart"
        }
    },
    { 
        "model":"sessions.session",
        "pk":"d6cbka0yz3ipr4zjcr07tqj3imuaxix4",
        "fields":{ 
            "session_data":"NWJjODFiOGRkYjNlZThlNzg4ODQ5MThhMWRlYWZiYTZkMDk1MTAxNDp7Il9hdXRoX3VzZXJfaWQiOiIxIiwiX2F1dGhfdXNlcl9iYWNrZW5kIjoiZGphbmdvLmNvbnRyaWIuYXV0aC5iYWNrZW5kcy5Nb2RlbEJhY2tlbmQiLCJfYXV0aF91c2VyX2hhc2giOiJkZDFkNmQ1NDY5Y2M3YmRjMjI4ZTljYTUyZGZhZWJlMzE3NjhhNmYxIiwiY2FydF9pdGVtcyI6MiwiY2FydF9pZCI6NX0=",
            "expire_date":"2020-02-09T10:33:36.229Z"
        }
    },
    { 
        "model":"accounts.user",
        "pk":1,
        "fields":{ 
            "password":"pbkdf2_sha256$180000$uPfuHmfvwrAz$zNCQ2YKwjQW5GwAHD9vAkaFi4UgeppJaZHwUhdRH4gg=",
            "last_login":"2020-01-26T09:40:46.586Z",
            "email":"kmendki98@gmail.com",
            "full_name":null,
            "active":true,
            "staff":true,
            "admin":true,
            "timestamp":"2020-01-18T15:01:03.454Z"
        }
    },
    { 
        "model":"choices.color",
        "pk":1,
        "fields":{ 
            "name":"Black",
            "hexcode":"#000000"
        }
    },
    { 
        "model":"choices.color",
        "pk":2,
        "fields":{ 
            "name":"White",
            "hexcode":"#ffffff"
        }
    },
    { 
        "model":"choices.color",
        "pk":3,
        "fields":{ 
            "name":"Orange",
            "hexcode":"#ff9300"
        }
    },
    { 
        "model":"choices.color",
        "pk":4,
        "fields":{ 
            "name":"Green",
            "hexcode":"#00f900"
        }
    },
    { 
        "model":"choices.color",
        "pk":5,
        "fields":{ 
            "name":"Blue",
            "hexcode":"#0433ff"
        }
    },
    { 
        "model":"choices.color",
        "pk":6,
        "fields":{ 
            "name":"Yellow",
            "hexcode":"#fffb00"
        }
    },
    { 
        "model":"choices.color",
        "pk":7,
        "fields":{ 
            "name":"Brown",
            "hexcode":"#aa7942"
        }
    },
    { 
        "model":"choices.color",
        "pk":8,
        "fields":{ 
            "name":"Red",
            "hexcode":"#ff2600"
        }
    },
    { 
        "model":"choices.color",
        "pk":9,
        "fields":{ 
            "name":"Purple",
            "hexcode":"#942192"
        }
    },
    { 
        "model":"choices.footwaresize",
        "pk":1,
        "fields":{ 
            "uk_in":6,
            "eu":40,
            "length":"25.00"
        }
    },
    { 
        "model":"choices.footwaresize",
        "pk":2,
        "fields":{ 
            "uk_in":7,
            "eu":41,
            "length":"26.00"
        }
    },
    { 
        "model":"choices.footwaresize",
        "pk":3,
        "fields":{ 
            "uk_in":8,
            "eu":42,
            "length":"27.00"
        }
    },
    { 
        "model":"choices.footwaresize",
        "pk":4,
        "fields":{ 
            "uk_in":9,
            "eu":43,
            "length":"28.00"
        }
    },
    { 
        "model":"choices.footwaresize",
        "pk":5,
        "fields":{ 
            "uk_in":10,
            "eu":44,
            "length":"29.00"
        }
    },
    { 
        "model":"choices.footwaresize",
        "pk":6,
        "fields":{ 
            "uk_in":11,
            "eu":45,
            "length":"30.00"
        }
    },
    { 
        "model":"choices.footwaresize",
        "pk":7,
        "fields":{ 
            "uk_in":12,
            "eu":46,
            "length":"31.00"
        }
    },
    { 
        "model":"choices.footwaresize",
        "pk":8,
        "fields":{ 
            "uk_in":13,
            "eu":47,
            "length":"32.00"
        }
    },
    { 
        "model":"choices.footwarecategory",
        "pk":1,
        "fields":{ 
            "name":"Sport Shoes"
        }
    },
    { 
        "model":"choices.footwarecategory",
        "pk":2,
        "fields":{ 
            "name":"Flip-Flop"
        }
    },
    { 
        "model":"choices.clothingcategory",
        "pk":1,
        "fields":{ 
            "name":"Jacket"
        }
    },
    { 
        "model":"choices.clothingoccasion",
        "pk":1,
        "fields":{ 
            "name":"Party"
        }
    },
    { 
        "model":"choices.clothingsize",
        "pk":1,
        "fields":{ 
            "value":"S",
            "chest":"38.0",
            "shoulder":"16.5",
            "length":"27.0",
            "type":"IN"
        }
    },
    { 
        "model":"choices.clothingsize",
        "pk":2,
        "fields":{ 
            "value":"M",
            "chest":"40.0",
            "shoulder":"17.0",
            "length":"27.5",
            "type":"IN"
        }
    },
    { 
        "model":"choices.clothingsize",
        "pk":3,
        "fields":{ 
            "value":"L",
            "chest":"42.0",
            "shoulder":"17.5",
            "length":"28.0",
            "type":"IN"
        }
    },
    { 
        "model":"choices.clothingsize",
        "pk":4,
        "fields":{ 
            "value":"XS",
            "chest":"36.0",
            "shoulder":"16.0",
            "length":"26.5",
            "type":"IN"
        }
    },
    { 
        "model":"choices.clothingsize",
        "pk":6,
        "fields":{ 
            "value":"XL",
            "chest":"44.0",
            "shoulder":"18.0",
            "length":"28.5",
            "type":"IN"
        }
    },
    { 
        "model":"choices.clothingsize",
        "pk":7,
        "fields":{ 
            "value":"XXL",
            "chest":"46.0",
            "shoulder":"18.9",
            "length":"29.5",
            "type":"IN"
        }
    },
    { 
        "model":"choices.clothingsize",
        "pk":8,
        "fields":{ 
            "value":"XXXL",
            "chest":"46.0",
            "shoulder":"19.5",
            "length":"29.5",
            "type":"IN"
        }
    },
    { 
        "model":"choices.automobiletype",
        "pk":1,
        "fields":{ 
            "name":"Bicycle"
        }
    },
    { 
        "model":"choices.automobiletype",
        "pk":2,
        "fields":{ 
            "name":"Two-Wheeler"
        }
    },
    { 
        "model":"choices.automobiletype",
        "pk":3,
        "fields":{ 
            "name":"Four-Wheeler"
        }
    },
    { 
        "model":"choices.automobiletype",
        "pk":4,
        "fields":{ 
            "name":"Tractor"
        }
    },
    { 
        "model":"choices.sport",
        "pk":1,
        "fields":{ 
            "name":"Cricket"
        }
    },
    { 
        "model":"choices.sport",
        "pk":2,
        "fields":{ 
            "name":"Football"
        }
    },
    { 
        "model":"choices.sport",
        "pk":3,
        "fields":{ 
            "name":"Hockey"
        }
    },
    { 
        "model":"choices.sport",
        "pk":4,
        "fields":{ 
            "name":"Table-Tennis"
        }
    },
    { 
        "model":"choices.sport",
        "pk":5,
        "fields":{ 
            "name":"Lawn-Tennis"
        }
    },
    { 
        "model":"choices.sport",
        "pk":6,
        "fields":{ 
            "name":"Badminton"
        }
    },
    { 
        "model":"choices.sport",
        "pk":7,
        "fields":{ 
            "name":"Chess"
        }
    },
    { 
        "model":"choices.sport",
        "pk":8,
        "fields":{ 
            "name":"Carrom"
        }
    },
    { 
        "model":"choices.sport",
        "pk":9,
        "fields":{ 
            "name":"Basketball"
        }
    },
    { 
        "model":"choices.language",
        "pk":1,
        "fields":{ 
            "name":"Marathi"
        }
    },
    { 
        "model":"choices.language",
        "pk":2,
        "fields":{ 
            "name":"English"
        }
    },
    { 
        "model":"choices.language",
        "pk":3,
        "fields":{ 
            "name":"Hindi"
        }
    },
    { 
        "model":"choices.language",
        "pk":4,
        "fields":{ 
            "name":"Bangla"
        }
    },
    { 
        "model":"choices.language",
        "pk":5,
        "fields":{ 
            "name":"Urdu"
        }
    },
    { 
        "model":"choices.language",
        "pk":6,
        "fields":{ 
            "name":"Telugu"
        }
    },
    { 
        "model":"choices.language",
        "pk":7,
        "fields":{ 
            "name":"Tamil"
        }
    },
    { 
        "model":"choices.language",
        "pk":8,
        "fields":{ 
            "name":"Malayalam"
        }
    },
    { 
        "model":"choices.language",
        "pk":9,
        "fields":{ 
            "name":"Gujarathi"
        }
    },
    { 
        "model":"choices.language",
        "pk":10,
        "fields":{ 
            "name":"Punjabi"
        }
    },
    { 
        "model":"products.product",
        "pk":1,
        "fields":{ 
            "title":"Greensole Sporty",
            "slug":"greensole-sporty",
            "description":"Best Sport Shoes",
            "price":"1800.00",
            "image":"products/2240757325/2240757325.jpeg",
            "featured":false,
            "active":true,
            "timestamp":"2020-01-19T18:40:28.318Z",
            "content_type":24
        }
    },
    { 
        "model":"products.product",
        "pk":2,
        "fields":{ 
            "title":"Bomber Jacket",
            "slug":"bomber-jacket",
            "description":"Best Bomber Jacket",
            "price":"3500.00",
            "image":"products/2957632320/2957632320.jpeg",
            "featured":true,
            "active":true,
            "timestamp":"2020-01-19T18:54:00.547Z",
            "content_type":25
        }
    },
    { 
        "model":"products.product",
        "pk":3,
        "fields":{ 
            "title":"VERTIGO BLK RUNNING SHOES",
            "slug":"vertigo-blk-running-shoes",
            "description":"<ul>\r\n\t<li>Your Perfectly Stylish and Comfy Running Partner! These sports shoes are an unquestionable requirement have for each one of those men out there who are wellness monstrosities. Lotto&#39;s superior running shoes highlight innovation and pattern for most extreme solace and style while running or gymming. The work texture with a tough outsole meet up for a stunning footwear experience. Corrugated Bottom Sole: The base sole is layered to enable you to get a simple grasp superficially walk and run. It is planned such that it keeps you from sliding crosswise over tricky surfaces. Cushioned Collars: The neckline of the running sneaker is vigorously padded for your solace. The cushioning material feels delicate against your skin and aides in keeping rankles and corns from creating. Lace Tie-Up: The running shoes for men by Lotto offer lace-up style for a tweaked fit. The cushioned tongue does not give the pressure of the fixed laces a chance to influence your foot, in this way permitting most extreme solace.</li>\r\n</ul>",
            "price":"909.00",
            "image":"products/1956702660/1956702660.jpeg",
            "featured":true,
            "active":true,
            "timestamp":"2020-01-25T05:33:45.257Z",
            "content_type":24
        }
    },
    { 
        "model":"products.product",
        "pk":4,
        "fields":{ 
            "title":"PUMA EASY FLIP FLOPS",
            "slug":"puma-easy-flip-flops",
            "description":"<table align=\"left\" border=\"1\" cellpadding=\"1\" cellspacing=\"1\" style=\"width:500px\">\r\n\t<thead>\r\n\t\t<tr>\r\n\t\t\t<th scope=\"col\">Attribute</th>\r\n\t\t\t<th scope=\"col\">Value</th>\r\n\t\t</tr>\r\n\t</thead>\r\n\t<tbody>\r\n\t\t<tr>\r\n\t\t\t<td>Color</td>\r\n\t\t\t<td>Blue</td>\r\n\t\t</tr>\r\n\t\t<tr>\r\n\t\t\t<td>Sales Package</td>\r\n\t\t\t<td>1 Pair Slippers</td>\r\n\t\t</tr>\r\n\t\t<tr>\r\n\t\t\t<td>Strap Material&nbsp;</td>\r\n\t\t\t<td>Synthetic</td>\r\n\t\t</tr>\r\n\t\t<tr>\r\n\t\t\t<td>Care Instructions</td>\r\n\t\t\t<td>Wipe with a clean dry cloth</td>\r\n\t\t</tr>\r\n\t\t<tr>\r\n\t\t\t<td>Pack of</td>\r\n\t\t\t<td>1</td>\r\n\t\t</tr>\r\n\t\t<tr>\r\n\t\t\t<td>Sole Material</td>\r\n\t\t\t<td>Rubber</td>\r\n\t\t</tr>\r\n\t\t<tr>\r\n\t\t\t<td>Domestic Warranty</td>\r\n\t\t\t<td>3 Months</td>\r\n\t\t</tr>\r\n\t</tbody>\r\n</table>\r\n\r\n<p>&nbsp;</p>",
            "price":"809.00",
            "image":"products/1406312677/1406312677.jpeg",
            "featured":false,
            "active":true,
            "timestamp":"2020-01-26T09:04:38.670Z",
            "content_type":24
        }
    },
    { 
        "model":"categories.footware",
        "pk":1,
        "fields":{ 
            "brand":"Bata",
            "gender":"male",
            "type":1,
            "sizes":[ 
                3,
                4,
                5,
                6,
                7
            ],
            "colors":[ 
                1,
                4,
                5,
                7
            ]
        }
    },
    { 
        "model":"categories.footware",
        "pk":3,
        "fields":{ 
            "brand":"Lotto",
            "gender":"male",
            "type":1,
            "sizes":[ 
                3,
                4,
                5
            ],
            "colors":[ 
                1,
                4
            ]
        }
    },
    { 
        "model":"categories.footware",
        "pk":4,
        "fields":{ 
            "brand":"Puma",
            "gender":"male",
            "type":2,
            "sizes":[ 
                1,
                2,
                3,
                4,
                5,
                6
            ],
            "colors":[ 
                1,
                3,
                7
            ]
        }
    },
    { 
        "model":"categories.clothing",
        "pk":2,
        "fields":{ 
            "brand":"John Players",
            "category":1,
            "type":null,
            "sleeve":"full",
            "gender":"male",
            "occasion":1,
            "colors":[ 
                1,
                3,
                4,
                7
            ],
            "sizes":[ 
                1,
                2,
                3,
                4,
                6
            ]
        }
    },
    { 
        "model":"billing.billingprofile",
        "pk":1,
        "fields":{ 
            "user":1,
            "email":"kmendki98@gmail.com",
            "active":true,
            "update":"2020-01-18T15:01:03.458Z",
            "timestamp":"2020-01-18T15:01:03.458Z"
        }
    },
    { 
        "model":"addresses.address",
        "pk":1,
        "fields":{ 
            "billing_profile":1,
            "address_type":"shipping",
            "address_line_1":"Mittal Crest",
            "address_line_2":"Central Avenue Road",
            "city":"Yerawada",
            "district":"Pune",
            "state":"Maharashtra",
            "postal_code":"411041"
        }
    },
    { 
        "model":"auth.permission",
        "pk":1,
        "fields":{ 
            "name":"Can add log entry",
            "content_type":1,
            "codename":"add_logentry"
        }
    },
    { 
        "model":"auth.permission",
        "pk":2,
        "fields":{ 
            "name":"Can change log entry",
            "content_type":1,
            "codename":"change_logentry"
        }
    },
    { 
        "model":"auth.permission",
        "pk":3,
        "fields":{ 
            "name":"Can delete log entry",
            "content_type":1,
            "codename":"delete_logentry"
        }
    },
    { 
        "model":"auth.permission",
        "pk":4,
        "fields":{ 
            "name":"Can view log entry",
            "content_type":1,
            "codename":"view_logentry"
        }
    },
    { 
        "model":"auth.permission",
        "pk":5,
        "fields":{ 
            "name":"Can add permission",
            "content_type":2,
            "codename":"add_permission"
        }
    },
    { 
        "model":"auth.permission",
        "pk":6,
        "fields":{ 
            "name":"Can change permission",
            "content_type":2,
            "codename":"change_permission"
        }
    },
    { 
        "model":"auth.permission",
        "pk":7,
        "fields":{ 
            "name":"Can delete permission",
            "content_type":2,
            "codename":"delete_permission"
        }
    },
    { 
        "model":"auth.permission",
        "pk":8,
        "fields":{ 
            "name":"Can view permission",
            "content_type":2,
            "codename":"view_permission"
        }
    },
    { 
        "model":"auth.permission",
        "pk":9,
        "fields":{ 
            "name":"Can add group",
            "content_type":3,
            "codename":"add_group"
        }
    },
    { 
        "model":"auth.permission",
        "pk":10,
        "fields":{ 
            "name":"Can change group",
            "content_type":3,
            "codename":"change_group"
        }
    },
    { 
        "model":"auth.permission",
        "pk":11,
        "fields":{ 
            "name":"Can delete group",
            "content_type":3,
            "codename":"delete_group"
        }
    },
    { 
        "model":"auth.permission",
        "pk":12,
        "fields":{ 
            "name":"Can view group",
            "content_type":3,
            "codename":"view_group"
        }
    },
    { 
        "model":"auth.permission",
        "pk":13,
        "fields":{ 
            "name":"Can add content type",
            "content_type":4,
            "codename":"add_contenttype"
        }
    },
    { 
        "model":"auth.permission",
        "pk":14,
        "fields":{ 
            "name":"Can change content type",
            "content_type":4,
            "codename":"change_contenttype"
        }
    },
    { 
        "model":"auth.permission",
        "pk":15,
        "fields":{ 
            "name":"Can delete content type",
            "content_type":4,
            "codename":"delete_contenttype"
        }
    },
    { 
        "model":"auth.permission",
        "pk":16,
        "fields":{ 
            "name":"Can view content type",
            "content_type":4,
            "codename":"view_contenttype"
        }
    },
    { 
        "model":"auth.permission",
        "pk":17,
        "fields":{ 
            "name":"Can add session",
            "content_type":5,
            "codename":"add_session"
        }
    },
    { 
        "model":"auth.permission",
        "pk":18,
        "fields":{ 
            "name":"Can change session",
            "content_type":5,
            "codename":"change_session"
        }
    },
    { 
        "model":"auth.permission",
        "pk":19,
        "fields":{ 
            "name":"Can delete session",
            "content_type":5,
            "codename":"delete_session"
        }
    },
    { 
        "model":"auth.permission",
        "pk":20,
        "fields":{ 
            "name":"Can view session",
            "content_type":5,
            "codename":"view_session"
        }
    },
    { 
        "model":"auth.permission",
        "pk":21,
        "fields":{ 
            "name":"Can add user session",
            "content_type":6,
            "codename":"add_usersession"
        }
    },
    { 
        "model":"auth.permission",
        "pk":22,
        "fields":{ 
            "name":"Can change user session",
            "content_type":6,
            "codename":"change_usersession"
        }
    },
    { 
        "model":"auth.permission",
        "pk":23,
        "fields":{ 
            "name":"Can delete user session",
            "content_type":6,
            "codename":"delete_usersession"
        }
    },
    { 
        "model":"auth.permission",
        "pk":24,
        "fields":{ 
            "name":"Can view user session",
            "content_type":6,
            "codename":"view_usersession"
        }
    },
    { 
        "model":"auth.permission",
        "pk":25,
        "fields":{ 
            "name":"Can add Object viewed",
            "content_type":7,
            "codename":"add_objectviewed"
        }
    },
    { 
        "model":"auth.permission",
        "pk":26,
        "fields":{ 
            "name":"Can change Object viewed",
            "content_type":7,
            "codename":"change_objectviewed"
        }
    },
    { 
        "model":"auth.permission",
        "pk":27,
        "fields":{ 
            "name":"Can delete Object viewed",
            "content_type":7,
            "codename":"delete_objectviewed"
        }
    },
    { 
        "model":"auth.permission",
        "pk":28,
        "fields":{ 
            "name":"Can view Object viewed",
            "content_type":7,
            "codename":"view_objectviewed"
        }
    },
    { 
        "model":"auth.permission",
        "pk":29,
        "fields":{ 
            "name":"Can add user",
            "content_type":8,
            "codename":"add_user"
        }
    },
    { 
        "model":"auth.permission",
        "pk":30,
        "fields":{ 
            "name":"Can change user",
            "content_type":8,
            "codename":"change_user"
        }
    },
    { 
        "model":"auth.permission",
        "pk":31,
        "fields":{ 
            "name":"Can delete user",
            "content_type":8,
            "codename":"delete_user"
        }
    },
    { 
        "model":"auth.permission",
        "pk":32,
        "fields":{ 
            "name":"Can view user",
            "content_type":8,
            "codename":"view_user"
        }
    },
    { 
        "model":"auth.permission",
        "pk":33,
        "fields":{ 
            "name":"Can add guest email",
            "content_type":9,
            "codename":"add_guestemail"
        }
    },
    { 
        "model":"auth.permission",
        "pk":34,
        "fields":{ 
            "name":"Can change guest email",
            "content_type":9,
            "codename":"change_guestemail"
        }
    },
    { 
        "model":"auth.permission",
        "pk":35,
        "fields":{ 
            "name":"Can delete guest email",
            "content_type":9,
            "codename":"delete_guestemail"
        }
    },
    { 
        "model":"auth.permission",
        "pk":36,
        "fields":{ 
            "name":"Can view guest email",
            "content_type":9,
            "codename":"view_guestemail"
        }
    },
    { 
        "model":"auth.permission",
        "pk":37,
        "fields":{ 
            "name":"Can add author",
            "content_type":10,
            "codename":"add_author"
        }
    },
    { 
        "model":"auth.permission",
        "pk":38,
        "fields":{ 
            "name":"Can change author",
            "content_type":10,
            "codename":"change_author"
        }
    },
    { 
        "model":"auth.permission",
        "pk":39,
        "fields":{ 
            "name":"Can delete author",
            "content_type":10,
            "codename":"delete_author"
        }
    },
    { 
        "model":"auth.permission",
        "pk":40,
        "fields":{ 
            "name":"Can view author",
            "content_type":10,
            "codename":"view_author"
        }
    },
    { 
        "model":"auth.permission",
        "pk":41,
        "fields":{ 
            "name":"Can add automobile type",
            "content_type":11,
            "codename":"add_automobiletype"
        }
    },
    { 
        "model":"auth.permission",
        "pk":42,
        "fields":{ 
            "name":"Can change automobile type",
            "content_type":11,
            "codename":"change_automobiletype"
        }
    },
    { 
        "model":"auth.permission",
        "pk":43,
        "fields":{ 
            "name":"Can delete automobile type",
            "content_type":11,
            "codename":"delete_automobiletype"
        }
    },
    { 
        "model":"auth.permission",
        "pk":44,
        "fields":{ 
            "name":"Can view automobile type",
            "content_type":11,
            "codename":"view_automobiletype"
        }
    },
    { 
        "model":"auth.permission",
        "pk":45,
        "fields":{ 
            "name":"Can add book genere",
            "content_type":12,
            "codename":"add_bookgenere"
        }
    },
    { 
        "model":"auth.permission",
        "pk":46,
        "fields":{ 
            "name":"Can change book genere",
            "content_type":12,
            "codename":"change_bookgenere"
        }
    },
    { 
        "model":"auth.permission",
        "pk":47,
        "fields":{ 
            "name":"Can delete book genere",
            "content_type":12,
            "codename":"delete_bookgenere"
        }
    },
    { 
        "model":"auth.permission",
        "pk":48,
        "fields":{ 
            "name":"Can view book genere",
            "content_type":12,
            "codename":"view_bookgenere"
        }
    },
    { 
        "model":"auth.permission",
        "pk":49,
        "fields":{ 
            "name":"Can add clothing category",
            "content_type":13,
            "codename":"add_clothingcategory"
        }
    },
    { 
        "model":"auth.permission",
        "pk":50,
        "fields":{ 
            "name":"Can change clothing category",
            "content_type":13,
            "codename":"change_clothingcategory"
        }
    },
    { 
        "model":"auth.permission",
        "pk":51,
        "fields":{ 
            "name":"Can delete clothing category",
            "content_type":13,
            "codename":"delete_clothingcategory"
        }
    },
    { 
        "model":"auth.permission",
        "pk":52,
        "fields":{ 
            "name":"Can view clothing category",
            "content_type":13,
            "codename":"view_clothingcategory"
        }
    },
    { 
        "model":"auth.permission",
        "pk":53,
        "fields":{ 
            "name":"Can add clothing occasion",
            "content_type":14,
            "codename":"add_clothingoccasion"
        }
    },
    { 
        "model":"auth.permission",
        "pk":54,
        "fields":{ 
            "name":"Can change clothing occasion",
            "content_type":14,
            "codename":"change_clothingoccasion"
        }
    },
    { 
        "model":"auth.permission",
        "pk":55,
        "fields":{ 
            "name":"Can delete clothing occasion",
            "content_type":14,
            "codename":"delete_clothingoccasion"
        }
    },
    { 
        "model":"auth.permission",
        "pk":56,
        "fields":{ 
            "name":"Can view clothing occasion",
            "content_type":14,
            "codename":"view_clothingoccasion"
        }
    },
    { 
        "model":"auth.permission",
        "pk":57,
        "fields":{ 
            "name":"Can add clothing size",
            "content_type":15,
            "codename":"add_clothingsize"
        }
    },
    { 
        "model":"auth.permission",
        "pk":58,
        "fields":{ 
            "name":"Can change clothing size",
            "content_type":15,
            "codename":"change_clothingsize"
        }
    },
    { 
        "model":"auth.permission",
        "pk":59,
        "fields":{ 
            "name":"Can delete clothing size",
            "content_type":15,
            "codename":"delete_clothingsize"
        }
    },
    { 
        "model":"auth.permission",
        "pk":60,
        "fields":{ 
            "name":"Can view clothing size",
            "content_type":15,
            "codename":"view_clothingsize"
        }
    },
    { 
        "model":"auth.permission",
        "pk":61,
        "fields":{ 
            "name":"Can add color",
            "content_type":16,
            "codename":"add_color"
        }
    },
    { 
        "model":"auth.permission",
        "pk":62,
        "fields":{ 
            "name":"Can change color",
            "content_type":16,
            "codename":"change_color"
        }
    },
    { 
        "model":"auth.permission",
        "pk":63,
        "fields":{ 
            "name":"Can delete color",
            "content_type":16,
            "codename":"delete_color"
        }
    },
    { 
        "model":"auth.permission",
        "pk":64,
        "fields":{ 
            "name":"Can view color",
            "content_type":16,
            "codename":"view_color"
        }
    },
    { 
        "model":"auth.permission",
        "pk":65,
        "fields":{ 
            "name":"Can add footware category",
            "content_type":17,
            "codename":"add_footwarecategory"
        }
    },
    { 
        "model":"auth.permission",
        "pk":66,
        "fields":{ 
            "name":"Can change footware category",
            "content_type":17,
            "codename":"change_footwarecategory"
        }
    },
    { 
        "model":"auth.permission",
        "pk":67,
        "fields":{ 
            "name":"Can delete footware category",
            "content_type":17,
            "codename":"delete_footwarecategory"
        }
    },
    { 
        "model":"auth.permission",
        "pk":68,
        "fields":{ 
            "name":"Can view footware category",
            "content_type":17,
            "codename":"view_footwarecategory"
        }
    },
    { 
        "model":"auth.permission",
        "pk":69,
        "fields":{ 
            "name":"Can add language",
            "content_type":18,
            "codename":"add_language"
        }
    },
    { 
        "model":"auth.permission",
        "pk":70,
        "fields":{ 
            "name":"Can change language",
            "content_type":18,
            "codename":"change_language"
        }
    },
    { 
        "model":"auth.permission",
        "pk":71,
        "fields":{ 
            "name":"Can delete language",
            "content_type":18,
            "codename":"delete_language"
        }
    },
    { 
        "model":"auth.permission",
        "pk":72,
        "fields":{ 
            "name":"Can view language",
            "content_type":18,
            "codename":"view_language"
        }
    },
    { 
        "model":"auth.permission",
        "pk":73,
        "fields":{ 
            "name":"Can add publisher",
            "content_type":19,
            "codename":"add_publisher"
        }
    },
    { 
        "model":"auth.permission",
        "pk":74,
        "fields":{ 
            "name":"Can change publisher",
            "content_type":19,
            "codename":"change_publisher"
        }
    },
    { 
        "model":"auth.permission",
        "pk":75,
        "fields":{ 
            "name":"Can delete publisher",
            "content_type":19,
            "codename":"delete_publisher"
        }
    },
    { 
        "model":"auth.permission",
        "pk":76,
        "fields":{ 
            "name":"Can view publisher",
            "content_type":19,
            "codename":"view_publisher"
        }
    },
    { 
        "model":"auth.permission",
        "pk":77,
        "fields":{ 
            "name":"Can add product",
            "content_type":20,
            "codename":"add_product"
        }
    },
    { 
        "model":"auth.permission",
        "pk":78,
        "fields":{ 
            "name":"Can change product",
            "content_type":20,
            "codename":"change_product"
        }
    },
    { 
        "model":"auth.permission",
        "pk":79,
        "fields":{ 
            "name":"Can delete product",
            "content_type":20,
            "codename":"delete_product"
        }
    },
    { 
        "model":"auth.permission",
        "pk":80,
        "fields":{ 
            "name":"Can view product",
            "content_type":20,
            "codename":"view_product"
        }
    },
    { 
        "model":"auth.permission",
        "pk":81,
        "fields":{ 
            "name":"Can add electronic",
            "content_type":21,
            "codename":"add_electronic"
        }
    },
    { 
        "model":"auth.permission",
        "pk":82,
        "fields":{ 
            "name":"Can change electronic",
            "content_type":21,
            "codename":"change_electronic"
        }
    },
    { 
        "model":"auth.permission",
        "pk":83,
        "fields":{ 
            "name":"Can delete electronic",
            "content_type":21,
            "codename":"delete_electronic"
        }
    },
    { 
        "model":"auth.permission",
        "pk":84,
        "fields":{ 
            "name":"Can view electronic",
            "content_type":21,
            "codename":"view_electronic"
        }
    },
    { 
        "model":"auth.permission",
        "pk":85,
        "fields":{ 
            "name":"Can add furniture",
            "content_type":22,
            "codename":"add_furniture"
        }
    },
    { 
        "model":"auth.permission",
        "pk":86,
        "fields":{ 
            "name":"Can change furniture",
            "content_type":22,
            "codename":"change_furniture"
        }
    },
    { 
        "model":"auth.permission",
        "pk":87,
        "fields":{ 
            "name":"Can delete furniture",
            "content_type":22,
            "codename":"delete_furniture"
        }
    },
    { 
        "model":"auth.permission",
        "pk":88,
        "fields":{ 
            "name":"Can view furniture",
            "content_type":22,
            "codename":"view_furniture"
        }
    },
    { 
        "model":"auth.permission",
        "pk":89,
        "fields":{ 
            "name":"Can add sport",
            "content_type":23,
            "codename":"add_sport"
        }
    },
    { 
        "model":"auth.permission",
        "pk":90,
        "fields":{ 
            "name":"Can change sport",
            "content_type":23,
            "codename":"change_sport"
        }
    },
    { 
        "model":"auth.permission",
        "pk":91,
        "fields":{ 
            "name":"Can delete sport",
            "content_type":23,
            "codename":"delete_sport"
        }
    },
    { 
        "model":"auth.permission",
        "pk":92,
        "fields":{ 
            "name":"Can view sport",
            "content_type":23,
            "codename":"view_sport"
        }
    },
    { 
        "model":"auth.permission",
        "pk":93,
        "fields":{ 
            "name":"Can add footware",
            "content_type":24,
            "codename":"add_footware"
        }
    },
    { 
        "model":"auth.permission",
        "pk":94,
        "fields":{ 
            "name":"Can change footware",
            "content_type":24,
            "codename":"change_footware"
        }
    },
    { 
        "model":"auth.permission",
        "pk":95,
        "fields":{ 
            "name":"Can delete footware",
            "content_type":24,
            "codename":"delete_footware"
        }
    },
    { 
        "model":"auth.permission",
        "pk":96,
        "fields":{ 
            "name":"Can view footware",
            "content_type":24,
            "codename":"view_footware"
        }
    },
    { 
        "model":"auth.permission",
        "pk":97,
        "fields":{ 
            "name":"Can add clothing",
            "content_type":25,
            "codename":"add_clothing"
        }
    },
    { 
        "model":"auth.permission",
        "pk":98,
        "fields":{ 
            "name":"Can change clothing",
            "content_type":25,
            "codename":"change_clothing"
        }
    },
    { 
        "model":"auth.permission",
        "pk":99,
        "fields":{ 
            "name":"Can delete clothing",
            "content_type":25,
            "codename":"delete_clothing"
        }
    },
    { 
        "model":"auth.permission",
        "pk":100,
        "fields":{ 
            "name":"Can view clothing",
            "content_type":25,
            "codename":"view_clothing"
        }
    },
    { 
        "model":"auth.permission",
        "pk":101,
        "fields":{ 
            "name":"Can add book",
            "content_type":26,
            "codename":"add_book"
        }
    },
    { 
        "model":"auth.permission",
        "pk":102,
        "fields":{ 
            "name":"Can change book",
            "content_type":26,
            "codename":"change_book"
        }
    },
    { 
        "model":"auth.permission",
        "pk":103,
        "fields":{ 
            "name":"Can delete book",
            "content_type":26,
            "codename":"delete_book"
        }
    },
    { 
        "model":"auth.permission",
        "pk":104,
        "fields":{ 
            "name":"Can view book",
            "content_type":26,
            "codename":"view_book"
        }
    },
    { 
        "model":"auth.permission",
        "pk":105,
        "fields":{ 
            "name":"Can add automobile",
            "content_type":27,
            "codename":"add_automobile"
        }
    },
    { 
        "model":"auth.permission",
        "pk":106,
        "fields":{ 
            "name":"Can change automobile",
            "content_type":27,
            "codename":"change_automobile"
        }
    },
    { 
        "model":"auth.permission",
        "pk":107,
        "fields":{ 
            "name":"Can delete automobile",
            "content_type":27,
            "codename":"delete_automobile"
        }
    },
    { 
        "model":"auth.permission",
        "pk":108,
        "fields":{ 
            "name":"Can view automobile",
            "content_type":27,
            "codename":"view_automobile"
        }
    },
    { 
        "model":"auth.permission",
        "pk":109,
        "fields":{ 
            "name":"Can add cart",
            "content_type":28,
            "codename":"add_cart"
        }
    },
    { 
        "model":"auth.permission",
        "pk":110,
        "fields":{ 
            "name":"Can change cart",
            "content_type":28,
            "codename":"change_cart"
        }
    },
    { 
        "model":"auth.permission",
        "pk":111,
        "fields":{ 
            "name":"Can delete cart",
            "content_type":28,
            "codename":"delete_cart"
        }
    },
    { 
        "model":"auth.permission",
        "pk":112,
        "fields":{ 
            "name":"Can view cart",
            "content_type":28,
            "codename":"view_cart"
        }
    },
    { 
        "model":"auth.permission",
        "pk":113,
        "fields":{ 
            "name":"Can add order",
            "content_type":29,
            "codename":"add_order"
        }
    },
    { 
        "model":"auth.permission",
        "pk":114,
        "fields":{ 
            "name":"Can change order",
            "content_type":29,
            "codename":"change_order"
        }
    },
    { 
        "model":"auth.permission",
        "pk":115,
        "fields":{ 
            "name":"Can delete order",
            "content_type":29,
            "codename":"delete_order"
        }
    },
    { 
        "model":"auth.permission",
        "pk":116,
        "fields":{ 
            "name":"Can view order",
            "content_type":29,
            "codename":"view_order"
        }
    },
    { 
        "model":"auth.permission",
        "pk":117,
        "fields":{ 
            "name":"Can add billing profile",
            "content_type":30,
            "codename":"add_billingprofile"
        }
    },
    { 
        "model":"auth.permission",
        "pk":118,
        "fields":{ 
            "name":"Can change billing profile",
            "content_type":30,
            "codename":"change_billingprofile"
        }
    },
    { 
        "model":"auth.permission",
        "pk":119,
        "fields":{ 
            "name":"Can delete billing profile",
            "content_type":30,
            "codename":"delete_billingprofile"
        }
    },
    { 
        "model":"auth.permission",
        "pk":120,
        "fields":{ 
            "name":"Can view billing profile",
            "content_type":30,
            "codename":"view_billingprofile"
        }
    },
    { 
        "model":"auth.permission",
        "pk":121,
        "fields":{ 
            "name":"Can add address",
            "content_type":31,
            "codename":"add_address"
        }
    },
    { 
        "model":"auth.permission",
        "pk":122,
        "fields":{ 
            "name":"Can change address",
            "content_type":31,
            "codename":"change_address"
        }
    },
    { 
        "model":"auth.permission",
        "pk":123,
        "fields":{ 
            "name":"Can delete address",
            "content_type":31,
            "codename":"delete_address"
        }
    },
    { 
        "model":"auth.permission",
        "pk":124,
        "fields":{ 
            "name":"Can view address",
            "content_type":31,
            "codename":"view_address"
        }
    },
    { 
        "model":"auth.permission",
        "pk":125,
        "fields":{ 
            "name":"Can add tag",
            "content_type":32,
            "codename":"add_tag"
        }
    },
    { 
        "model":"auth.permission",
        "pk":126,
        "fields":{ 
            "name":"Can change tag",
            "content_type":32,
            "codename":"change_tag"
        }
    },
    { 
        "model":"auth.permission",
        "pk":127,
        "fields":{ 
            "name":"Can delete tag",
            "content_type":32,
            "codename":"delete_tag"
        }
    },
    { 
        "model":"auth.permission",
        "pk":128,
        "fields":{ 
            "name":"Can view tag",
            "content_type":32,
            "codename":"view_tag"
        }
    },
    { 
        "model":"auth.permission",
        "pk":129,
        "fields":{ 
            "name":"Can add sport",
            "content_type":33,
            "codename":"add_sport"
        }
    },
    { 
        "model":"auth.permission",
        "pk":130,
        "fields":{ 
            "name":"Can change sport",
            "content_type":33,
            "codename":"change_sport"
        }
    },
    { 
        "model":"auth.permission",
        "pk":131,
        "fields":{ 
            "name":"Can delete sport",
            "content_type":33,
            "codename":"delete_sport"
        }
    },
    { 
        "model":"auth.permission",
        "pk":132,
        "fields":{ 
            "name":"Can view sport",
            "content_type":33,
            "codename":"view_sport"
        }
    },
    { 
        "model":"auth.permission",
        "pk":133,
        "fields":{ 
            "name":"Can add sports equipment",
            "content_type":34,
            "codename":"add_sportsequipment"
        }
    },
    { 
        "model":"auth.permission",
        "pk":134,
        "fields":{ 
            "name":"Can change sports equipment",
            "content_type":34,
            "codename":"change_sportsequipment"
        }
    },
    { 
        "model":"auth.permission",
        "pk":135,
        "fields":{ 
            "name":"Can delete sports equipment",
            "content_type":34,
            "codename":"delete_sportsequipment"
        }
    },
    { 
        "model":"auth.permission",
        "pk":136,
        "fields":{ 
            "name":"Can view sports equipment",
            "content_type":34,
            "codename":"view_sportsequipment"
        }
    },
    { 
        "model":"auth.permission",
        "pk":137,
        "fields":{ 
            "name":"Can add footware size",
            "content_type":35,
            "codename":"add_footwaresize"
        }
    },
    { 
        "model":"auth.permission",
        "pk":138,
        "fields":{ 
            "name":"Can change footware size",
            "content_type":35,
            "codename":"change_footwaresize"
        }
    },
    { 
        "model":"auth.permission",
        "pk":139,
        "fields":{ 
            "name":"Can delete footware size",
            "content_type":35,
            "codename":"delete_footwaresize"
        }
    },
    { 
        "model":"auth.permission",
        "pk":140,
        "fields":{ 
            "name":"Can view footware size",
            "content_type":35,
            "codename":"view_footwaresize"
        }
    },
    { 
        "model":"auth.permission",
        "pk":141,
        "fields":{ 
            "name":"Can add product in cart",
            "content_type":36,
            "codename":"add_productincart"
        }
    },
    { 
        "model":"auth.permission",
        "pk":142,
        "fields":{ 
            "name":"Can change product in cart",
            "content_type":36,
            "codename":"change_productincart"
        }
    },
    { 
        "model":"auth.permission",
        "pk":143,
        "fields":{ 
            "name":"Can delete product in cart",
            "content_type":36,
            "codename":"delete_productincart"
        }
    },
    { 
        "model":"auth.permission",
        "pk":144,
        "fields":{ 
            "name":"Can view product in cart",
            "content_type":36,
            "codename":"view_productincart"
        }
    },
    { 
        "model":"auth.permission",
        "pk":145,
        "fields":{ 
            "name":"Can add footware in cart",
            "content_type":37,
            "codename":"add_footwareincart"
        }
    },
    { 
        "model":"auth.permission",
        "pk":146,
        "fields":{ 
            "name":"Can change footware in cart",
            "content_type":37,
            "codename":"change_footwareincart"
        }
    },
    { 
        "model":"auth.permission",
        "pk":147,
        "fields":{ 
            "name":"Can delete footware in cart",
            "content_type":37,
            "codename":"delete_footwareincart"
        }
    },
    { 
        "model":"auth.permission",
        "pk":148,
        "fields":{ 
            "name":"Can view footware in cart",
            "content_type":37,
            "codename":"view_footwareincart"
        }
    },
    { 
        "model":"auth.permission",
        "pk":149,
        "fields":{ 
            "name":"Can add automobile in cart",
            "content_type":38,
            "codename":"add_automobileincart"
        }
    },
    { 
        "model":"auth.permission",
        "pk":150,
        "fields":{ 
            "name":"Can change automobile in cart",
            "content_type":38,
            "codename":"change_automobileincart"
        }
    },
    { 
        "model":"auth.permission",
        "pk":151,
        "fields":{ 
            "name":"Can delete automobile in cart",
            "content_type":38,
            "codename":"delete_automobileincart"
        }
    },
    { 
        "model":"auth.permission",
        "pk":152,
        "fields":{ 
            "name":"Can view automobile in cart",
            "content_type":38,
            "codename":"view_automobileincart"
        }
    },
    { 
        "model":"auth.permission",
        "pk":153,
        "fields":{ 
            "name":"Can add clothing in cart",
            "content_type":39,
            "codename":"add_clothingincart"
        }
    },
    { 
        "model":"auth.permission",
        "pk":154,
        "fields":{ 
            "name":"Can change clothing in cart",
            "content_type":39,
            "codename":"change_clothingincart"
        }
    },
    { 
        "model":"auth.permission",
        "pk":155,
        "fields":{ 
            "name":"Can delete clothing in cart",
            "content_type":39,
            "codename":"delete_clothingincart"
        }
    },
    { 
        "model":"auth.permission",
        "pk":156,
        "fields":{ 
            "name":"Can view clothing in cart",
            "content_type":39,
            "codename":"view_clothingincart"
        }
    },
    { 
        "model":"auth.permission",
        "pk":157,
        "fields":{ 
            "name":"Can add electronic in cart",
            "content_type":40,
            "codename":"add_electronicincart"
        }
    },
    { 
        "model":"auth.permission",
        "pk":158,
        "fields":{ 
            "name":"Can change electronic in cart",
            "content_type":40,
            "codename":"change_electronicincart"
        }
    },
    { 
        "model":"auth.permission",
        "pk":159,
        "fields":{ 
            "name":"Can delete electronic in cart",
            "content_type":40,
            "codename":"delete_electronicincart"
        }
    },
    { 
        "model":"auth.permission",
        "pk":160,
        "fields":{ 
            "name":"Can view electronic in cart",
            "content_type":40,
            "codename":"view_electronicincart"
        }
    },
    { 
        "model":"auth.permission",
        "pk":161,
        "fields":{ 
            "name":"Can add sports equipment in cart",
            "content_type":41,
            "codename":"add_sportsequipmentincart"
        }
    },
    { 
        "model":"auth.permission",
        "pk":162,
        "fields":{ 
            "name":"Can change sports equipment in cart",
            "content_type":41,
            "codename":"change_sportsequipmentincart"
        }
    },
    { 
        "model":"auth.permission",
        "pk":163,
        "fields":{ 
            "name":"Can delete sports equipment in cart",
            "content_type":41,
            "codename":"delete_sportsequipmentincart"
        }
    },
    { 
        "model":"auth.permission",
        "pk":164,
        "fields":{ 
            "name":"Can view sports equipment in cart",
            "content_type":41,
            "codename":"view_sportsequipmentincart"
        }
    },
    { 
        "model":"auth.permission",
        "pk":165,
        "fields":{ 
            "name":"Can add furniture in cart",
            "content_type":42,
            "codename":"add_furnitureincart"
        }
    },
    { 
        "model":"auth.permission",
        "pk":166,
        "fields":{ 
            "name":"Can change furniture in cart",
            "content_type":42,
            "codename":"change_furnitureincart"
        }
    },
    { 
        "model":"auth.permission",
        "pk":167,
        "fields":{ 
            "name":"Can delete furniture in cart",
            "content_type":42,
            "codename":"delete_furnitureincart"
        }
    },
    { 
        "model":"auth.permission",
        "pk":168,
        "fields":{ 
            "name":"Can view furniture in cart",
            "content_type":42,
            "codename":"view_furnitureincart"
        }
    },
    { 
        "model":"auth.permission",
        "pk":169,
        "fields":{ 
            "name":"Can add book in cart",
            "content_type":43,
            "codename":"add_bookincart"
        }
    },
    { 
        "model":"auth.permission",
        "pk":170,
        "fields":{ 
            "name":"Can change book in cart",
            "content_type":43,
            "codename":"change_bookincart"
        }
    },
    { 
        "model":"auth.permission",
        "pk":171,
        "fields":{ 
            "name":"Can delete book in cart",
            "content_type":43,
            "codename":"delete_bookincart"
        }
    },
    { 
        "model":"auth.permission",
        "pk":172,
        "fields":{ 
            "name":"Can view book in cart",
            "content_type":43,
            "codename":"view_bookincart"
        }
    },
    { 
        "model":"admin.logentry",
        "pk":1,
        "fields":{ 
            "action_time":"2020-01-18T18:47:07.453Z",
            "user":1,
            "content_type":16,
            "object_id":"1",
            "object_repr":"Bla -- #000000",
            "action_flag":1,
            "change_message":"[{\"added\": {}}]"
        }
    },
    { 
        "model":"admin.logentry",
        "pk":2,
        "fields":{ 
            "action_time":"2020-01-18T18:47:30.669Z",
            "user":1,
            "content_type":16,
            "object_id":"2",
            "object_repr":"White -- #ffffff",
            "action_flag":1,
            "change_message":"[{\"added\": {}}]"
        }
    },
    { 
        "model":"admin.logentry",
        "pk":3,
        "fields":{ 
            "action_time":"2020-01-18T18:47:45.917Z",
            "user":1,
            "content_type":16,
            "object_id":"3",
            "object_repr":"Orange -- #ff9300",
            "action_flag":1,
            "change_message":"[{\"added\": {}}]"
        }
    },
    { 
        "model":"admin.logentry",
        "pk":4,
        "fields":{ 
            "action_time":"2020-01-18T18:48:06.771Z",
            "user":1,
            "content_type":16,
            "object_id":"1",
            "object_repr":"Black -- #000000",
            "action_flag":2,
            "change_message":"[{\"changed\": {\"fields\": [\"Name\"]}}]"
        }
    },
    { 
        "model":"admin.logentry",
        "pk":5,
        "fields":{ 
            "action_time":"2020-01-18T18:50:55.031Z",
            "user":1,
            "content_type":15,
            "object_id":"1",
            "object_repr":"IN -- S",
            "action_flag":1,
            "change_message":"[{\"added\": {}}]"
        }
    },
    { 
        "model":"admin.logentry",
        "pk":6,
        "fields":{ 
            "action_time":"2020-01-18T18:51:03.950Z",
            "user":1,
            "content_type":15,
            "object_id":"2",
            "object_repr":"IN -- M",
            "action_flag":1,
            "change_message":"[{\"added\": {}}]"
        }
    },
    { 
        "model":"admin.logentry",
        "pk":7,
        "fields":{ 
            "action_time":"2020-01-18T18:51:10.399Z",
            "user":1,
            "content_type":15,
            "object_id":"3",
            "object_repr":"IN -- L",
            "action_flag":1,
            "change_message":"[{\"added\": {}}]"
        }
    },
    { 
        "model":"admin.logentry",
        "pk":8,
        "fields":{ 
            "action_time":"2020-01-18T18:51:16.437Z",
            "user":1,
            "content_type":15,
            "object_id":"4",
            "object_repr":"IN -- XS",
            "action_flag":1,
            "change_message":"[{\"added\": {}}]"
        }
    },
    { 
        "model":"admin.logentry",
        "pk":9,
        "fields":{ 
            "action_time":"2020-01-18T18:51:22.893Z",
            "user":1,
            "content_type":15,
            "object_id":"5",
            "object_repr":"IN -- XXS",
            "action_flag":1,
            "change_message":"[{\"added\": {}}]"
        }
    },
    { 
        "model":"admin.logentry",
        "pk":10,
        "fields":{ 
            "action_time":"2020-01-18T18:51:29.915Z",
            "user":1,
            "content_type":15,
            "object_id":"6",
            "object_repr":"IN -- XL",
            "action_flag":1,
            "change_message":"[{\"added\": {}}]"
        }
    },
    { 
        "model":"admin.logentry",
        "pk":11,
        "fields":{ 
            "action_time":"2020-01-18T18:51:36.055Z",
            "user":1,
            "content_type":15,
            "object_id":"7",
            "object_repr":"IN -- XXL",
            "action_flag":1,
            "change_message":"[{\"added\": {}}]"
        }
    },
    { 
        "model":"admin.logentry",
        "pk":12,
        "fields":{ 
            "action_time":"2020-01-18T18:51:43.816Z",
            "user":1,
            "content_type":15,
            "object_id":"8",
            "object_repr":"IN -- XXXL",
            "action_flag":1,
            "change_message":"[{\"added\": {}}]"
        }
    },
    { 
        "model":"admin.logentry",
        "pk":13,
        "fields":{ 
            "action_time":"2020-01-18T18:52:03.761Z",
            "user":1,
            "content_type":16,
            "object_id":"4",
            "object_repr":"Green -- #00f900",
            "action_flag":1,
            "change_message":"[{\"added\": {}}]"
        }
    },
    { 
        "model":"admin.logentry",
        "pk":14,
        "fields":{ 
            "action_time":"2020-01-18T18:52:12.757Z",
            "user":1,
            "content_type":16,
            "object_id":"5",
            "object_repr":"Blue -- #0433ff",
            "action_flag":1,
            "change_message":"[{\"added\": {}}]"
        }
    },
    { 
        "model":"admin.logentry",
        "pk":15,
        "fields":{ 
            "action_time":"2020-01-18T18:52:23.966Z",
            "user":1,
            "content_type":16,
            "object_id":"6",
            "object_repr":"Yellow -- #fffb00",
            "action_flag":1,
            "change_message":"[{\"added\": {}}]"
        }
    },
    { 
        "model":"admin.logentry",
        "pk":16,
        "fields":{ 
            "action_time":"2020-01-18T18:52:38.309Z",
            "user":1,
            "content_type":16,
            "object_id":"7",
            "object_repr":"Brown -- #aa7942",
            "action_flag":1,
            "change_message":"[{\"added\": {}}]"
        }
    },
    { 
        "model":"admin.logentry",
        "pk":17,
        "fields":{ 
            "action_time":"2020-01-18T18:52:47.051Z",
            "user":1,
            "content_type":16,
            "object_id":"8",
            "object_repr":"Red -- #ff2600",
            "action_flag":1,
            "change_message":"[{\"added\": {}}]"
        }
    },
    { 
        "model":"admin.logentry",
        "pk":18,
        "fields":{ 
            "action_time":"2020-01-18T18:53:02.770Z",
            "user":1,
            "content_type":16,
            "object_id":"9",
            "object_repr":"Purple -- #942192",
            "action_flag":1,
            "change_message":"[{\"added\": {}}]"
        }
    },
    { 
        "model":"admin.logentry",
        "pk":19,
        "fields":{ 
            "action_time":"2020-01-18T18:53:25.689Z",
            "user":1,
            "content_type":11,
            "object_id":"1",
            "object_repr":"Bicycle",
            "action_flag":1,
            "change_message":"[{\"added\": {}}]"
        }
    },
    { 
        "model":"admin.logentry",
        "pk":20,
        "fields":{ 
            "action_time":"2020-01-18T18:53:32.242Z",
            "user":1,
            "content_type":11,
            "object_id":"2",
            "object_repr":"Two-Wheeler",
            "action_flag":1,
            "change_message":"[{\"added\": {}}]"
        }
    },
    { 
        "model":"admin.logentry",
        "pk":21,
        "fields":{ 
            "action_time":"2020-01-18T18:53:39.278Z",
            "user":1,
            "content_type":11,
            "object_id":"3",
            "object_repr":"Four-Wheeler",
            "action_flag":1,
            "change_message":"[{\"added\": {}}]"
        }
    },
    { 
        "model":"admin.logentry",
        "pk":22,
        "fields":{ 
            "action_time":"2020-01-18T18:53:45.954Z",
            "user":1,
            "content_type":11,
            "object_id":"4",
            "object_repr":"Tractor",
            "action_flag":1,
            "change_message":"[{\"added\": {}}]"
        }
    },
    { 
        "model":"admin.logentry",
        "pk":23,
        "fields":{ 
            "action_time":"2020-01-18T18:54:07.721Z",
            "user":1,
            "content_type":18,
            "object_id":"1",
            "object_repr":"Marathi",
            "action_flag":1,
            "change_message":"[{\"added\": {}}]"
        }
    },
    { 
        "model":"admin.logentry",
        "pk":24,
        "fields":{ 
            "action_time":"2020-01-18T18:54:13.336Z",
            "user":1,
            "content_type":18,
            "object_id":"2",
            "object_repr":"English",
            "action_flag":1,
            "change_message":"[{\"added\": {}}]"
        }
    },
    { 
        "model":"admin.logentry",
        "pk":25,
        "fields":{ 
            "action_time":"2020-01-18T18:54:18.393Z",
            "user":1,
            "content_type":18,
            "object_id":"3",
            "object_repr":"Hindi",
            "action_flag":1,
            "change_message":"[{\"added\": {}}]"
        }
    },
    { 
        "model":"admin.logentry",
        "pk":26,
        "fields":{ 
            "action_time":"2020-01-18T18:54:23.144Z",
            "user":1,
            "content_type":18,
            "object_id":"4",
            "object_repr":"Bangla",
            "action_flag":1,
            "change_message":"[{\"added\": {}}]"
        }
    },
    { 
        "model":"admin.logentry",
        "pk":27,
        "fields":{ 
            "action_time":"2020-01-18T18:54:26.472Z",
            "user":1,
            "content_type":18,
            "object_id":"5",
            "object_repr":"Urdu",
            "action_flag":1,
            "change_message":"[{\"added\": {}}]"
        }
    },
    { 
        "model":"admin.logentry",
        "pk":28,
        "fields":{ 
            "action_time":"2020-01-18T18:54:34.272Z",
            "user":1,
            "content_type":18,
            "object_id":"6",
            "object_repr":"Telugu",
            "action_flag":1,
            "change_message":"[{\"added\": {}}]"
        }
    },
    { 
        "model":"admin.logentry",
        "pk":29,
        "fields":{ 
            "action_time":"2020-01-18T18:54:37.456Z",
            "user":1,
            "content_type":18,
            "object_id":"7",
            "object_repr":"Tamil",
            "action_flag":1,
            "change_message":"[{\"added\": {}}]"
        }
    },
    { 
        "model":"admin.logentry",
        "pk":30,
        "fields":{ 
            "action_time":"2020-01-18T18:54:42.575Z",
            "user":1,
            "content_type":18,
            "object_id":"8",
            "object_repr":"Malyalam",
            "action_flag":1,
            "change_message":"[{\"added\": {}}]"
        }
    },
    { 
        "model":"admin.logentry",
        "pk":31,
        "fields":{ 
            "action_time":"2020-01-18T18:54:49.861Z",
            "user":1,
            "content_type":18,
            "object_id":"8",
            "object_repr":"Malayalam",
            "action_flag":2,
            "change_message":"[{\"changed\": {\"fields\": [\"Name\"]}}]"
        }
    },
    { 
        "model":"admin.logentry",
        "pk":32,
        "fields":{ 
            "action_time":"2020-01-18T18:54:58.367Z",
            "user":1,
            "content_type":18,
            "object_id":"9",
            "object_repr":"Gujarathi",
            "action_flag":1,
            "change_message":"[{\"added\": {}}]"
        }
    },
    { 
        "model":"admin.logentry",
        "pk":33,
        "fields":{ 
            "action_time":"2020-01-18T18:55:02.895Z",
            "user":1,
            "content_type":18,
            "object_id":"10",
            "object_repr":"Punjabi",
            "action_flag":1,
            "change_message":"[{\"added\": {}}]"
        }
    },
    { 
        "model":"admin.logentry",
        "pk":34,
        "fields":{ 
            "action_time":"2020-01-18T18:57:28.828Z",
            "user":1,
            "content_type":33,
            "object_id":"1",
            "object_repr":"Cricker",
            "action_flag":1,
            "change_message":"[{\"added\": {}}]"
        }
    },
    { 
        "model":"admin.logentry",
        "pk":35,
        "fields":{ 
            "action_time":"2020-01-18T18:57:33.132Z",
            "user":1,
            "content_type":33,
            "object_id":"1",
            "object_repr":"CrickeT",
            "action_flag":2,
            "change_message":"[{\"changed\": {\"fields\": [\"Name\"]}}]"
        }
    },
    { 
        "model":"admin.logentry",
        "pk":36,
        "fields":{ 
            "action_time":"2020-01-18T18:57:41.360Z",
            "user":1,
            "content_type":33,
            "object_id":"1",
            "object_repr":"Cricket",
            "action_flag":2,
            "change_message":"[{\"changed\": {\"fields\": [\"Name\"]}}]"
        }
    },
    { 
        "model":"admin.logentry",
        "pk":37,
        "fields":{ 
            "action_time":"2020-01-18T18:57:45.329Z",
            "user":1,
            "content_type":33,
            "object_id":"2",
            "object_repr":"Football",
            "action_flag":1,
            "change_message":"[{\"added\": {}}]"
        }
    },
    { 
        "model":"admin.logentry",
        "pk":38,
        "fields":{ 
            "action_time":"2020-01-18T18:57:50.339Z",
            "user":1,
            "content_type":33,
            "object_id":"3",
            "object_repr":"Hockey",
            "action_flag":1,
            "change_message":"[{\"added\": {}}]"
        }
    },
    { 
        "model":"admin.logentry",
        "pk":39,
        "fields":{ 
            "action_time":"2020-01-18T18:57:56.587Z",
            "user":1,
            "content_type":33,
            "object_id":"4",
            "object_repr":"Table-Tennis",
            "action_flag":1,
            "change_message":"[{\"added\": {}}]"
        }
    },
    { 
        "model":"admin.logentry",
        "pk":40,
        "fields":{ 
            "action_time":"2020-01-18T18:58:01.442Z",
            "user":1,
            "content_type":33,
            "object_id":"5",
            "object_repr":"Lawn-Tennis",
            "action_flag":1,
            "change_message":"[{\"added\": {}}]"
        }
    },
    { 
        "model":"admin.logentry",
        "pk":41,
        "fields":{ 
            "action_time":"2020-01-18T18:58:07.268Z",
            "user":1,
            "content_type":33,
            "object_id":"6",
            "object_repr":"Badminton",
            "action_flag":1,
            "change_message":"[{\"added\": {}}]"
        }
    },
    { 
        "model":"admin.logentry",
        "pk":42,
        "fields":{ 
            "action_time":"2020-01-18T18:58:10.995Z",
            "user":1,
            "content_type":33,
            "object_id":"7",
            "object_repr":"Chess",
            "action_flag":1,
            "change_message":"[{\"added\": {}}]"
        }
    },
    { 
        "model":"admin.logentry",
        "pk":43,
        "fields":{ 
            "action_time":"2020-01-18T18:58:15.296Z",
            "user":1,
            "content_type":33,
            "object_id":"8",
            "object_repr":"Carrom",
            "action_flag":1,
            "change_message":"[{\"added\": {}}]"
        }
    },
    { 
        "model":"admin.logentry",
        "pk":44,
        "fields":{ 
            "action_time":"2020-01-18T18:58:22.114Z",
            "user":1,
            "content_type":33,
            "object_id":"9",
            "object_repr":"Basketball",
            "action_flag":1,
            "change_message":"[{\"added\": {}}]"
        }
    },
    { 
        "model":"admin.logentry",
        "pk":45,
        "fields":{ 
            "action_time":"2020-01-19T18:01:45.522Z",
            "user":1,
            "content_type":17,
            "object_id":"1",
            "object_repr":"Sport Shoes",
            "action_flag":1,
            "change_message":"[{\"added\": {}}]"
        }
    },
    { 
        "model":"admin.logentry",
        "pk":46,
        "fields":{ 
            "action_time":"2020-01-19T18:29:34.525Z",
            "user":1,
            "content_type":35,
            "object_id":"1",
            "object_repr":"6 -- 40",
            "action_flag":1,
            "change_message":"[{\"added\": {}}]"
        }
    },
    { 
        "model":"admin.logentry",
        "pk":47,
        "fields":{ 
            "action_time":"2020-01-19T18:29:52.359Z",
            "user":1,
            "content_type":35,
            "object_id":"2",
            "object_repr":"7 -- 41",
            "action_flag":1,
            "change_message":"[{\"added\": {}}]"
        }
    },
    { 
        "model":"admin.logentry",
        "pk":48,
        "fields":{ 
            "action_time":"2020-01-19T18:30:28.368Z",
            "user":1,
            "content_type":35,
            "object_id":"3",
            "object_repr":"8 -- 42",
            "action_flag":1,
            "change_message":"[{\"added\": {}}]"
        }
    },
    { 
        "model":"admin.logentry",
        "pk":49,
        "fields":{ 
            "action_time":"2020-01-19T18:30:40.243Z",
            "user":1,
            "content_type":35,
            "object_id":"4",
            "object_repr":"9 -- 43",
            "action_flag":1,
            "change_message":"[{\"added\": {}}]"
        }
    },
    { 
        "model":"admin.logentry",
        "pk":50,
        "fields":{ 
            "action_time":"2020-01-19T18:30:54.979Z",
            "user":1,
            "content_type":35,
            "object_id":"5",
            "object_repr":"10 -- 44",
            "action_flag":1,
            "change_message":"[{\"added\": {}}]"
        }
    },
    { 
        "model":"admin.logentry",
        "pk":51,
        "fields":{ 
            "action_time":"2020-01-19T18:31:08.982Z",
            "user":1,
            "content_type":35,
            "object_id":"6",
            "object_repr":"11 -- 45",
            "action_flag":1,
            "change_message":"[{\"added\": {}}]"
        }
    },
    { 
        "model":"admin.logentry",
        "pk":52,
        "fields":{ 
            "action_time":"2020-01-19T18:31:23.989Z",
            "user":1,
            "content_type":35,
            "object_id":"7",
            "object_repr":"12 -- 46",
            "action_flag":1,
            "change_message":"[{\"added\": {}}]"
        }
    },
    { 
        "model":"admin.logentry",
        "pk":53,
        "fields":{ 
            "action_time":"2020-01-19T18:31:39.439Z",
            "user":1,
            "content_type":35,
            "object_id":"8",
            "object_repr":"13 -- 47",
            "action_flag":1,
            "change_message":"[{\"added\": {}}]"
        }
    },
    { 
        "model":"admin.logentry",
        "pk":54,
        "fields":{ 
            "action_time":"2020-01-19T18:32:41.085Z",
            "user":1,
            "content_type":15,
            "object_id":"8",
            "object_repr":"IN -- XXXL",
            "action_flag":2,
            "change_message":"[{\"changed\": {\"fields\": [\"Chest\", \"Shoulder\", \"Length\"]}}]"
        }
    },
    { 
        "model":"admin.logentry",
        "pk":55,
        "fields":{ 
            "action_time":"2020-01-19T18:35:28.947Z",
            "user":1,
            "content_type":15,
            "object_id":"7",
            "object_repr":"IN -- XXL",
            "action_flag":2,
            "change_message":"[{\"changed\": {\"fields\": [\"Chest\", \"Shoulder\", \"Length\"]}}]"
        }
    },
    { 
        "model":"admin.logentry",
        "pk":56,
        "fields":{ 
            "action_time":"2020-01-19T18:36:17.964Z",
            "user":1,
            "content_type":15,
            "object_id":"6",
            "object_repr":"IN -- XL",
            "action_flag":2,
            "change_message":"[{\"changed\": {\"fields\": [\"Chest\", \"Shoulder\", \"Length\"]}}]"
        }
    },
    { 
        "model":"admin.logentry",
        "pk":57,
        "fields":{ 
            "action_time":"2020-01-19T18:36:37.571Z",
            "user":1,
            "content_type":15,
            "object_id":"1",
            "object_repr":"IN -- S",
            "action_flag":2,
            "change_message":"[{\"changed\": {\"fields\": [\"Chest\", \"Shoulder\", \"Length\"]}}]"
        }
    },
    { 
        "model":"admin.logentry",
        "pk":58,
        "fields":{ 
            "action_time":"2020-01-19T18:36:55.714Z",
            "user":1,
            "content_type":15,
            "object_id":"2",
            "object_repr":"IN -- M",
            "action_flag":2,
            "change_message":"[{\"changed\": {\"fields\": [\"Chest\", \"Shoulder\", \"Length\"]}}]"
        }
    },
    { 
        "model":"admin.logentry",
        "pk":59,
        "fields":{ 
            "action_time":"2020-01-19T18:38:04.489Z",
            "user":1,
            "content_type":15,
            "object_id":"3",
            "object_repr":"IN -- L",
            "action_flag":2,
            "change_message":"[{\"changed\": {\"fields\": [\"Chest\", \"Shoulder\", \"Length\"]}}]"
        }
    },
    { 
        "model":"admin.logentry",
        "pk":60,
        "fields":{ 
            "action_time":"2020-01-19T18:38:15.063Z",
            "user":1,
            "content_type":15,
            "object_id":"5",
            "object_repr":"IN -- XXS",
            "action_flag":3,
            "change_message":""
        }
    },
    { 
        "model":"admin.logentry",
        "pk":61,
        "fields":{ 
            "action_time":"2020-01-19T18:39:01.313Z",
            "user":1,
            "content_type":15,
            "object_id":"4",
            "object_repr":"IN -- XS",
            "action_flag":2,
            "change_message":"[{\"changed\": {\"fields\": [\"Chest\", \"Shoulder\", \"Length\"]}}]"
        }
    },
    { 
        "model":"admin.logentry",
        "pk":62,
        "fields":{ 
            "action_time":"2020-01-19T18:39:23.794Z",
            "user":1,
            "content_type":15,
            "object_id":"4",
            "object_repr":"IN -- XS",
            "action_flag":2,
            "change_message":"[]"
        }
    },
    { 
        "model":"admin.logentry",
        "pk":63,
        "fields":{ 
            "action_time":"2020-01-19T18:40:28.323Z",
            "user":1,
            "content_type":24,
            "object_id":"1",
            "object_repr":"Greensole Sporty--Bata",
            "action_flag":1,
            "change_message":"[{\"added\": {}}]"
        }
    },
    { 
        "model":"admin.logentry",
        "pk":64,
        "fields":{ 
            "action_time":"2020-01-19T18:50:47.135Z",
            "user":1,
            "content_type":13,
            "object_id":"1",
            "object_repr":"Jacket",
            "action_flag":1,
            "change_message":"[{\"added\": {}}]"
        }
    },
    { 
        "model":"admin.logentry",
        "pk":65,
        "fields":{ 
            "action_time":"2020-01-19T18:51:03.206Z",
            "user":1,
            "content_type":14,
            "object_id":"1",
            "object_repr":"Party",
            "action_flag":1,
            "change_message":"[{\"added\": {}}]"
        }
    },
    { 
        "model":"admin.logentry",
        "pk":66,
        "fields":{ 
            "action_time":"2020-01-19T18:54:00.552Z",
            "user":1,
            "content_type":25,
            "object_id":"2",
            "object_repr":"Bomber Jacket--John Players",
            "action_flag":1,
            "change_message":"[{\"added\": {}}]"
        }
    },
    { 
        "model":"admin.logentry",
        "pk":67,
        "fields":{ 
            "action_time":"2020-01-22T16:35:59.717Z",
            "user":1,
            "content_type":36,
            "object_id":"4",
            "object_repr":"Greensole Sporty",
            "action_flag":3,
            "change_message":""
        }
    },
    { 
        "model":"admin.logentry",
        "pk":68,
        "fields":{ 
            "action_time":"2020-01-22T16:35:59.719Z",
            "user":1,
            "content_type":36,
            "object_id":"3",
            "object_repr":"Greensole Sporty",
            "action_flag":3,
            "change_message":""
        }
    },
    { 
        "model":"admin.logentry",
        "pk":69,
        "fields":{ 
            "action_time":"2020-01-22T16:35:59.721Z",
            "user":1,
            "content_type":36,
            "object_id":"2",
            "object_repr":"Greensole Sporty",
            "action_flag":3,
            "change_message":""
        }
    },
    { 
        "model":"admin.logentry",
        "pk":70,
        "fields":{ 
            "action_time":"2020-01-22T16:35:59.722Z",
            "user":1,
            "content_type":36,
            "object_id":"1",
            "object_repr":"Greensole Sporty",
            "action_flag":3,
            "change_message":""
        }
    },
    { 
        "model":"admin.logentry",
        "pk":71,
        "fields":{ 
            "action_time":"2020-01-22T16:38:45.555Z",
            "user":1,
            "content_type":37,
            "object_id":"5",
            "object_repr":"Greensole Sporty--Bata",
            "action_flag":3,
            "change_message":""
        }
    },
    { 
        "model":"admin.logentry",
        "pk":72,
        "fields":{ 
            "action_time":"2020-01-22T16:38:45.557Z",
            "user":1,
            "content_type":37,
            "object_id":"4",
            "object_repr":"Greensole Sporty--Bata",
            "action_flag":3,
            "change_message":""
        }
    },
    { 
        "model":"admin.logentry",
        "pk":73,
        "fields":{ 
            "action_time":"2020-01-22T16:38:45.558Z",
            "user":1,
            "content_type":37,
            "object_id":"3",
            "object_repr":"Greensole Sporty--Bata",
            "action_flag":3,
            "change_message":""
        }
    },
    { 
        "model":"admin.logentry",
        "pk":74,
        "fields":{ 
            "action_time":"2020-01-22T16:38:45.559Z",
            "user":1,
            "content_type":37,
            "object_id":"2",
            "object_repr":"Greensole Sporty--Bata",
            "action_flag":3,
            "change_message":""
        }
    },
    { 
        "model":"admin.logentry",
        "pk":75,
        "fields":{ 
            "action_time":"2020-01-22T16:38:45.560Z",
            "user":1,
            "content_type":37,
            "object_id":"1",
            "object_repr":"Greensole Sporty--Bata",
            "action_flag":3,
            "change_message":""
        }
    },
    { 
        "model":"admin.logentry",
        "pk":76,
        "fields":{ 
            "action_time":"2020-01-22T17:06:25.179Z",
            "user":1,
            "content_type":37,
            "object_id":"6",
            "object_repr":"Greensole Sporty--Bata",
            "action_flag":1,
            "change_message":"[{\"added\": {}}]"
        }
    },
    { 
        "model":"admin.logentry",
        "pk":77,
        "fields":{ 
            "action_time":"2020-01-22T17:08:18.112Z",
            "user":1,
            "content_type":36,
            "object_id":"5",
            "object_repr":"Greensole Sporty",
            "action_flag":1,
            "change_message":"[{\"added\": {}}]"
        }
    },
    { 
        "model":"admin.logentry",
        "pk":78,
        "fields":{ 
            "action_time":"2020-01-22T17:21:29.318Z",
            "user":1,
            "content_type":36,
            "object_id":"5",
            "object_repr":"Greensole Sporty",
            "action_flag":3,
            "change_message":""
        }
    },
    { 
        "model":"admin.logentry",
        "pk":79,
        "fields":{ 
            "action_time":"2020-01-22T18:32:02.905Z",
            "user":1,
            "content_type":20,
            "object_id":"2",
            "object_repr":"Bomber Jacket",
            "action_flag":2,
            "change_message":"[{\"changed\": {\"fields\": [\"Content type\"]}}]"
        }
    },
    { 
        "model":"admin.logentry",
        "pk":80,
        "fields":{ 
            "action_time":"2020-01-22T18:32:18.111Z",
            "user":1,
            "content_type":20,
            "object_id":"1",
            "object_repr":"Greensole Sporty",
            "action_flag":2,
            "change_message":"[{\"changed\": {\"fields\": [\"Content type\"]}}]"
        }
    },
    { 
        "model":"admin.logentry",
        "pk":81,
        "fields":{ 
            "action_time":"2020-01-22T18:51:09.219Z",
            "user":1,
            "content_type":36,
            "object_id":"2",
            "object_repr":"Greensole Sporty",
            "action_flag":3,
            "change_message":""
        }
    },
    { 
        "model":"admin.logentry",
        "pk":82,
        "fields":{ 
            "action_time":"2020-01-25T05:33:45.260Z",
            "user":1,
            "content_type":24,
            "object_id":"3",
            "object_repr":"VERTIGO BLK RUNNING SHOES--Lotto",
            "action_flag":1,
            "change_message":"[{\"added\": {}}]"
        }
    },
    { 
        "model":"admin.logentry",
        "pk":83,
        "fields":{ 
            "action_time":"2020-01-25T05:35:16.089Z",
            "user":1,
            "content_type":24,
            "object_id":"3",
            "object_repr":"VERTIGO BLK RUNNING SHOES--Lotto",
            "action_flag":2,
            "change_message":"[{\"changed\": {\"fields\": [\"Image\"]}}]"
        }
    },
    { 
        "model":"admin.logentry",
        "pk":84,
        "fields":{ 
            "action_time":"2020-01-26T09:03:36.318Z",
            "user":1,
            "content_type":17,
            "object_id":"2",
            "object_repr":"Flip-Flop",
            "action_flag":1,
            "change_message":"[{\"added\": {}}]"
        }
    },
    { 
        "model":"admin.logentry",
        "pk":85,
        "fields":{ 
            "action_time":"2020-01-26T09:04:38.673Z",
            "user":1,
            "content_type":24,
            "object_id":"4",
            "object_repr":"PUMA EASY FLIP FLOPS--Puma",
            "action_flag":1,
            "change_message":"[{\"added\": {}}]"
        }
    },
    { 
        "model":"admin.logentry",
        "pk":86,
        "fields":{ 
            "action_time":"2020-01-26T09:05:07.686Z",
            "user":1,
            "content_type":24,
            "object_id":"4",
            "object_repr":"PUMA EASY FLIP FLOPS--Puma",
            "action_flag":2,
            "change_message":"[{\"changed\": {\"fields\": [\"Image\"]}}]"
        }
    },
    { 
        "model":"admin.logentry",
        "pk":87,
        "fields":{ 
            "action_time":"2020-01-26T09:13:49.776Z",
            "user":1,
            "content_type":24,
            "object_id":"3",
            "object_repr":"VERTIGO BLK RUNNING SHOES--Lotto",
            "action_flag":2,
            "change_message":"[{\"changed\": {\"fields\": [\"Description\"]}}]"
        }
    },
    { 
        "model":"admin.logentry",
        "pk":88,
        "fields":{ 
            "action_time":"2020-01-26T09:35:34.438Z",
            "user":1,
            "content_type":36,
            "object_id":"6",
            "object_repr":"VERTIGO BLK RUNNING SHOES",
            "action_flag":3,
            "change_message":""
        }
    },
    { 
        "model":"admin.logentry",
        "pk":89,
        "fields":{ 
            "action_time":"2020-01-26T09:35:34.441Z",
            "user":1,
            "content_type":36,
            "object_id":"5",
            "object_repr":"VERTIGO BLK RUNNING SHOES",
            "action_flag":3,
            "change_message":""
        }
    },
    { 
        "model":"admin.logentry",
        "pk":90,
        "fields":{ 
            "action_time":"2020-01-26T09:35:34.442Z",
            "user":1,
            "content_type":36,
            "object_id":"4",
            "object_repr":"VERTIGO BLK RUNNING SHOES",
            "action_flag":3,
            "change_message":""
        }
    },
    { 
        "model":"admin.logentry",
        "pk":91,
        "fields":{ 
            "action_time":"2020-01-26T09:35:34.443Z",
            "user":1,
            "content_type":36,
            "object_id":"3",
            "object_repr":"VERTIGO BLK RUNNING SHOES",
            "action_flag":3,
            "change_message":""
        }
    },
    { 
        "model":"admin.logentry",
        "pk":92,
        "fields":{ 
            "action_time":"2020-01-26T09:35:34.444Z",
            "user":1,
            "content_type":36,
            "object_id":"1",
            "object_repr":"Greensole Sporty",
            "action_flag":3,
            "change_message":""
        }
    },
    { 
        "model":"admin.logentry",
        "pk":93,
        "fields":{ 
            "action_time":"2020-01-26T09:44:22.872Z",
            "user":1,
            "content_type":36,
            "object_id":"7",
            "object_repr":"VERTIGO BLK RUNNING SHOES",
            "action_flag":3,
            "change_message":""
        }
    },
    { 
        "model":"admin.logentry",
        "pk":94,
        "fields":{ 
            "action_time":"2020-01-26T10:06:37.177Z",
            "user":1,
            "content_type":36,
            "object_id":"8",
            "object_repr":"PUMA EASY FLIP FLOPS",
            "action_flag":3,
            "change_message":""
        }
    },
    { 
        "model":"admin.logentry",
        "pk":95,
        "fields":{ 
            "action_time":"2020-01-26T10:31:44.199Z",
            "user":1,
            "content_type":28,
            "object_id":"3",
            "object_repr":"3",
            "action_flag":3,
            "change_message":""
        }
    },
    { 
        "model":"admin.logentry",
        "pk":96,
        "fields":{ 
            "action_time":"2020-01-26T10:31:44.201Z",
            "user":1,
            "content_type":28,
            "object_id":"2",
            "object_repr":"2",
            "action_flag":3,
            "change_message":""
        }
    },
    { 
        "model":"admin.logentry",
        "pk":97,
        "fields":{ 
            "action_time":"2020-01-26T10:31:44.202Z",
            "user":1,
            "content_type":28,
            "object_id":"1",
            "object_repr":"1",
            "action_flag":3,
            "change_message":""
        }
    },
    { 
        "model":"admin.logentry",
        "pk":98,
        "fields":{ 
            "action_time":"2020-01-26T10:32:49.818Z",
            "user":1,
            "content_type":28,
            "object_id":"4",
            "object_repr":"4",
            "action_flag":3,
            "change_message":""
        }
    },
    { 
        "model":"admin.logentry",
        "pk":99,
        "fields":{ 
            "action_time":"2020-01-26T10:32:59.752Z",
            "user":1,
            "content_type":37,
            "object_id":"16",
            "object_repr":"16--PUMA EASY FLIP FLOPS--Puma",
            "action_flag":3,
            "change_message":""
        }
    },
    { 
        "model":"admin.logentry",
        "pk":100,
        "fields":{ 
            "action_time":"2020-01-26T10:32:59.754Z",
            "user":1,
            "content_type":37,
            "object_id":"15",
            "object_repr":"15--Greensole Sporty--Bata",
            "action_flag":3,
            "change_message":""
        }
    }
]